{
  "project_info": {
    "project_number": "896998182895",
    "project_id": "jafary-channel-1e3af",
    "storage_bucket": "jafary-channel-1e3af.firebasestorage.app"
  },
  "client": [
    {
      "client_info": {
        "mobilesdk_app_id": "1:896998182895:android:00f74577cb7a9047e3f01a",
        "android_client_info": {
          "package_name": "com.example.tv_subscription_app"
        }
      },
      "oauth_client": [],
      "api_key": [
        {
          "current_key": "AIzaSyCxFArN_nXh7JBWBpiVP7xRhhg9m_nVDZo"
        }
      ],
      "services": {
        "appinvite_service": {
          "other_platform_oauth_client": []
        }
      }
    }
  ],
  "configuration_version": "1"
}